Name,Position,Twitter,Twitter2,icpsr,state_icpsr,district_code,state_abbrev,party_code,born,nominate_dim1,nominate_dim2,
Ralph Abraham,Rep,RepAbraham,,21522,45,5,LA,200,1954,0.534,0.31,
Alma Adams,Rep,RepAdams,,21545,47,12,NC,100,1946,-0.468,0.011,
Robert Aderholt,Rep,Robert_Aderholt,,29701,41,4,AL,200,1965,0.367,0.595,
Pete Aguilar,Rep,reppeteaguilar,,21506,71,31,CA,100,1979,-0.29,0.133,
Rick W. Allen,Rep,reprickallen,,21516,44,12,GA,200,1951,0.676,0.304,
Colin Allred,Rep,RepColinAllred,,21900,49,32,TX,100,1983,-0.449,0.653,
Justin Amash,Rep,justinamash,,21143,23,3,MI,328,1980,0.654,-0.757,
Mark Amodei,Rep,MarkAmodeiNV2,,21196,65,2,NV,200,1958,0.381,0.2,
Kelly Armstrong,Rep,RepArmstrongND,,21901,36,1,ND,200,1976,0.444,0.091,
Jodey Arrington,Rep,RepArrington,,21700,49,19,TX,200,1972,0.622,-0.046,
Cindy Axne,Rep,RepCindyAxne,,21902,31,3,IA,100,1965,-0.234,0.598,
Brian Babin,Rep,RepBrianBabin,,21551,49,36,TX,200,1948,0.691,0.158,
Don Bacon,Rep,repdonbacon,,21701,35,2,NE,200,1963,0.417,-0.124,
Jim Baird,Rep,RepJimBaird,,21903,22,4,IN,200,1945,0.405,0.643,
Troy Balderson,Rep,RepBalderson,,21759,24,12,OH,200,1962,0.449,0.535,
Jim Banks,Rep,RepJimBanks,,21702,22,3,IN,200,1979,0.63,-0.001,
Andy Barr,Rep,RepAndyBarr,,21333,51,6,KY,200,1973,0.492,0.28,
Nanette Barragán,Rep,RepBarragan,,21703,71,44,CA,100,1976,-0.519,0.086,
Karen Bass,Rep,RepKarenBass,,21110,71,37,CA,100,1953,-0.586,-0.103,
Joyce Beatty,Rep,RepBeatty,,21352,24,3,OH,100,1950,-0.429,0.069,
Ami Bera,Rep,RepBera,,21304,71,7,CA,100,1965,-0.231,0.013,
Jack Bergman,Rep,RepJackBergman,,21704,23,1,MI,200,1947,0.43,0.062,
Don Beyer,Rep,RepDonBeyer,,21554,40,8,VA,100,1950,-0.387,-0.044,
Andy Biggs,Rep,RepAndyBiggsAZ,,21705,61,5,AZ,200,1958,0.883,-0.47,
Gus Bilirakis,Rep,RepGusBilirakis,,20758,43,12,FL,200,1963,0.405,0.014,
Dan Bishop,Rep,jdanbishop,,21986,47,9,NC,200,1964,0.925,-0.011,
Rob Bishop,Rep,RepRobBishop,,20357,67,1,UT,200,1951,0.536,0.104,
Sanford Bishop,Rep,SanfordBishop,,29339,44,2,GA,100,1947,-0.282,0.465,
Earl Blumenauer,Rep,repblumenauer,BlumenauerMedia,29588,72,3,OR,100,1948,-0.427,-0.669,
Lisa Blunt Rochester,Rep,RepLBR,,21706,11,1,DE,100,1962,-0.327,-0.125,
Suzanne Bonamici,Rep,RepBonamici,,21198,72,1,OR,100,1954,-0.393,-0.395,
Mike Bost,Rep,RepBost,,21519,21,12,IL,200,1960,0.272,0.499,
Brendan Boyle,Rep,CongBoyle,,21548,14,2,PA,100,1977,-0.396,0.142,
Kevin Brady,Rep,RepKevinBrady,,29760,49,8,TX,200,1955,0.524,0.215,
Anthony Brindisi,Rep,RepBrindisi,,21904,13,22,NY,100,1978,-0.151,0.563,
Mo Brooks,Rep,RepMoBrooks,,21193,41,5,AL,200,1954,0.645,-0.442,
Susan Brooks,Rep,SusanWBrooks,,21331,22,5,IN,200,1960,0.358,0.218,
Anthony G. Brown,Rep,RepAnthonyBrown,,21707,52,4,MD,100,1961,-0.342,-0.161,
Julia Brownley,Rep,RepBrownley,JuliaBrownley26,21308,71,26,CA,100,1952,-0.285,0.051,
Vern Buchanan,Rep,VernBuchanan,,20709,43,16,FL,200,1951,0.36,-0.138,
Ken Buck,Rep,RepKenBuck,,21510,62,4,CO,200,1959,0.752,-0.457,
Larry Bucshon,Rep,RepLarryBucshon,,21132,22,8,IN,200,1962,0.404,0.257,
Ted Budd,Rep,RepTedBudd,,21708,47,13,NC,200,1971,0.667,-0.086,
Tim Burchett,Rep,RepTimBurchett,,21905,54,2,TN,200,1964,0.717,-0.237,
Michael Burgess,Rep,MichaelCBurgess,,20355,49,26,TX,200,1950,0.577,-0.217,
Cheri Bustos,Rep,RepCheri,,21329,21,17,IL,100,1961,-0.237,0.033,
G. K. Butterfield,Rep,GKButterfield,,20340,47,1,NC,100,1947,-0.404,0.18,
Bradley Byrne,Rep,RepByrne,,21376,41,1,AL,200,1955,0.609,0.243,
Tony Cárdenas,Rep,RepCardenas,,21309,71,29,CA,100,1963,-0.382,0.02,
Ken Calvert,Rep,KenCalvert,,29323,71,42,CA,200,1953,0.348,0.218,
Salud Carbajal,Rep,RepCarbajal,,21709,71,24,CA,100,1964,-0.299,0.141,
André Carson,Rep,RepAndreCarson,,20757,22,7,IN,100,1974,-0.43,0.058,
Buddy Carter,Rep,RepBuddyCarter,,21513,44,1,GA,200,1957,0.585,0.254,
John Carter,Rep,JudgeCarter,,20356,49,31,TX,200,1941,0.473,0.608,
Matt Cartwright,Rep,RepCartwright,,21358,14,8,PA,100,1961,-0.371,-0.047,
Ed Case,Rep,RepEdCase,,20322,82,1,HI,100,1952,-0.205,-0.138,
Sean Casten,Rep,RepCasten,,21906,21,6,IL,100,1971,-0.371,0.21,
Kathy Castor,Rep,USRepKCastor,,20708,43,14,FL,100,1966,-0.438,0.045,
Joaquín Castro,Rep,JoaquinCastrotx,,21362,49,20,TX,100,1974,-0.398,-0.011,
Steve Chabot,Rep,RepSteveChabot,,29550,24,1,OH,200,1953,0.574,-0.219,
Liz Cheney,Rep,RepLizCheney,,21710,68,1,WY,200,1966,0.507,0.497,
Judy Chu,Rep,RepJudyChu,,20955,71,27,CA,100,1953,-0.486,-0.375,
David Cicilline,Rep,RepCicilline,,21172,5,1,RI,100,1961,-0.391,-0.286,
Gil Cisneros,Rep,RepGilCisneros,,21907,71,39,CA,100,1972,-0.375,0.561,
Katherine Clark,Rep,RepKClark,,21375,3,5,MA,100,1963,-0.487,-0.372,
Yvette Clarke,Rep,RepYvetteClarke,,20733,13,9,NY,100,1964,-0.613,-0.207,
Lacy Clay,Rep,LacyClayMO1,,20147,34,1,MO,100,1956,-0.481,-0.078,
Emanuel Cleaver,Rep,RepCleaver,,20517,34,5,MO,100,1944,-0.454,0.02,
Ben Cline,Rep,RepBenCline,,21908,40,6,VA,200,1972,0.717,-0.214,
Michael Cloud,Rep,RepCloudTX,,21758,49,27,TX,200,1975,0.639,-0.228,
Jim Clyburn,Rep,WhipClyburn,,39301,48,6,SC,100,1940,-0.464,0.254,
Steve Cohen,Rep,RepCohen,,20748,54,9,TN,100,1949,-0.4,-0.356,
Tom Cole,Rep,TomColeOK04,,20344,53,4,OK,200,1949,0.33,0.356,
Chris Collins,Rep,RepChrisCollins,,21345,13,27,NY,200,1950,0.357,0.236,No longer member
Doug Collins,Rep,RepDougCollins,,21323,44,9,GA,200,1966,0.616,0.121,
James Comer,Rep,KYComer,,21565,51,1,KY,200,1972,0.641,-0.035,
Mike Conaway,Rep,ConawayTX11,,20531,49,11,TX,200,1948,0.591,0.367,
Gerry Connolly,Rep,GerryConnolly,,20952,40,11,VA,100,1950,-0.306,-0.012,
Paul Cook,Rep,RepPaulCook,,21305,71,8,CA,200,1943,0.376,0.201,
Jim Cooper,Rep,RepJimCooper,,15019,54,5,TN,100,1954,-0.162,-0.032,
Lou Correa,Rep,RepLouCorrea,,21711,71,46,CA,100,1958,-0.279,0.335,
Jim Costa,Rep,RepJimCosta,,20501,71,16,CA,100,1952,-0.191,0.47,
Joe Courtney,Rep,RepJoeCourtney,,20706,1,2,CT,100,1953,-0.344,0.016,
TJ Cox,Rep,RepTjCox,,21909,71,21,CA,100,1963,-0.325,0.437,
Angie Craig,Rep,RepAngieCraig,,21910,33,2,MN,100,1972,-0.293,0.675,
Rick Crawford,Rep,RepRickCrawford,,21106,42,1,AR,200,1966,0.408,0.493,
Dan Crenshaw,Rep,RepDanCrenshaw,,21911,49,2,TX,200,1984,0.389,0.367,
Charlie Crist,Rep,repcharliecrist,,21712,43,13,FL,100,1956,-0.217,0.019,
Jason Crow,Rep,RepJasonCrow,,21912,62,6,CO,100,1979,-0.259,0.384,
Henry Cuellar,Rep,RepCuellar,,20533,49,28,TX,100,1955,-0.227,0.622,
Elijah Cummings,Rep,RepCummings,,29587,52,7,MD,100,1951,-0.438,-0.148,
Joe Cunningham,Rep,RepCunningham,,21913,48,1,SC,100,1982,-0.13,0.459,
John Curtis,Rep,RepJohnCurtis,,21755,67,3,UT,200,1960,0.55,0.013,
Sharice Davids,Rep,RepDavids,,21914,32,3,KS,100,1980,-0.24,0.231,
Warren Davidson,Rep,WarrenDavidson,,21564,24,8,OH,200,1970,0.712,-0.332,
Danny K. Davis,Rep,RepDannyDavis,,29717,21,7,IL,100,1941,-0.486,-0.263,
Rodney Davis,Rep,RodneyDavis,,21328,21,13,IL,200,1970,0.287,0.156,
Susan Davis,Rep,RepSusanDavis,,20108,71,53,CA,100,1944,-0.343,-0.107,
Madeleine Dean,Rep,RepDean,,21915,14,4,PA,100,1959,-0.504,0.001,
Peter DeFazio,Rep,RepPeterDeFazio,,15410,72,4,OR,100,1947,-0.429,0.004,
Diana DeGette,Rep,RepDianaDeGette,,29710,62,1,CO,100,1957,-0.432,-0.315,
Rosa DeLauro,Rep,RosaDeLauro,,29109,1,3,CT,100,1943,-0.416,-0.12,
Suzan DelBene,Rep,RepDelBene,,31101,73,1,WA,100,1962,-0.28,-0.229,
Antonio Delgado,Rep,repdelgado,,21916,13,19,NY,100,1977,-0.192,0.142,
Val Demings,Rep,RepValDemings,,21713,43,10,FL,100,1957,-0.34,-0.149,
Mark DeSaulnier,Rep,RepDeSaulnier,,21504,71,11,CA,100,1952,-0.528,-0.357,
Scott DesJarlais,Rep,DesJarlaisTN04,,21179,54,4,TN,200,1964,0.579,-0.09,
Ted Deutch,Rep,RepTedDeutch,,20959,43,22,FL,100,1966,-0.401,-0.1,
Mario Diaz-Balart,Rep,MarioDB,,20316,43,25,FL,200,1961,0.278,0.115,
Debbie Dingell,Rep,RepDebDingell,,21529,23,12,MI,100,1953,-0.409,-0.135,
Lloyd Doggett,Rep,RepLloydDoggett,,29571,49,35,TX,100,1946,-0.402,-0.313,
Michael F. Doyle,Rep,USRepMikeDoyle,,29561,14,18,PA,100,1953,-0.33,0.116,
Sean Duffy,Rep,RepSeanDuffy,,21189,25,7,WI,200,1971,0.511,-0.109,
Jeff Duncan,Rep,RepJeffDuncan,,21174,48,3,SC,200,1966,0.731,-0.191,
Neal Dunn,Rep,drnealdunnfl2,,21714,43,2,FL,200,1953,0.537,0.175,
Tom Emmer,Rep,RepTomEmmer,,21531,33,6,MN,200,1961,0.461,-0.042,
Eliot Engel,Rep,RepEliotEngel,,15603,13,16,NY,100,1947,-0.408,-0.094,
Veronica Escobar,Rep,RepEscobar,,21917,49,16,TX,100,1969,-0.452,-0.308,
Anna Eshoo,Rep,RepAnnaEshoo,,29312,71,18,CA,100,1942,-0.381,-0.427,
Adriano Espaillat,Rep,RepEspaillat,,21715,13,13,NY,100,1954,-0.617,-0.13,
Ron Estes,Rep,RepRonEstes,,21750,32,4,KS,200,1956,0.598,0.09,
Dwight Evans,Rep,RepDwightEvans,,21566,14,3,PA,100,1954,-0.451,-0.079,
Drew Ferguson,Rep,RepDrewFerguson,,21717,44,3,GA,200,1967,0.626,0.149,
Abby Finkenauer,Rep,RepFinkenauer,,21918,31,1,IA,100,1988,-0.245,0.483,
Brian Fitzpatrick,Rep,repbrianfitz,,21718,14,1,PA,200,1973,0.18,-0.189,
Chuck Fleischmann,Rep,RepChuck,,21178,54,3,TN,200,1962,0.458,0.305,
Lizzie Fletcher,Rep,RepFletcher,,21919,49,7,TX,100,1975,-0.425,0.859,
Bill Flores,Rep,RepBillFlores,,21182,49,17,TX,200,1954,0.573,0.291,
Jeff Fortenberry,Rep,JeffFortenberry,,20518,35,1,NE,200,1960,0.301,-0.061,
Bill Foster,Rep,RepBillFoster,,20749,21,11,IL,100,1955,-0.227,-0.229,
Virginia Foxx,Rep,VirginiaFoxx,,20521,47,5,NC,200,1943,0.631,0.119,
Lois Frankel,Rep,RepLoisFrankel,,21321,43,21,FL,100,1948,-0.401,-0.091,
Marcia Fudge,Rep,RepMarciaFudge,,20941,24,11,OH,100,1952,-0.581,0.141,
Russ Fulcher,Rep,RepRussFulcher,,21920,63,1,ID,200,1973,0.617,0.068,
Tulsi Gabbard,Rep,TulsiPress,,21324,82,2,HI,100,1981,-0.279,-0.255,
Matt Gaetz,Rep,RepMattGaetz,,21719,43,1,FL,200,1982,0.623,-0.561,
Mike Gallagher,Rep,RepGallagher,,21720,25,8,WI,200,1984,0.441,-0.035,
Ruben Gallego,Rep,RepRubenGallego,,21502,61,7,AZ,100,1979,-0.45,-0.023,
John Garamendi,Rep,RepGaramendi,,20958,71,3,CA,100,1945,-0.308,-0.096,
Sylvia Garcia,Rep,RepSylviaGarcia,,21921,21,4,IL,100,1956,-0.535,-0.555,
Jesús García,Rep,RepChuyGarcia,,21922,49,29,TX,100,1950,-0.764,0.55,
Greg Gianforte,Rep,GregForMontana,,21751,64,1,MT,200,1961,0.43,0.108,
Bob Gibbs,Rep,RepBobGibbs,,21165,24,7,OH,200,1954,0.475,0.316,
Louie Gohmert,Rep,RepLouieGohmert,,20527,49,1,TX,200,1953,0.623,-0.328,
Jared Golden,Rep,repgolden,,21923,2,2,ME,100,1982,-0.183,0.574,
Jimmy Gomez,Rep,RepJimmyGomez,,21754,71,34,CA,100,1974,-0.595,-0.055,
Anthony Gonzalez,Rep,RepAGonzalez,,21924,24,16,OH,200,1984,0.292,0.206,
Jenniffer González,Rep,RepJenniffer,,NA,NA,NA,PR,200,1976,NA,NA,
Vicente González,Rep,RepGonzalez,,21722,49,15,TX,100,1967,-0.377,0.669,
Lance Gooden,Rep,RepLanceGooden,,21925,49,5,TX,200,1982,0.723,0.128,
Paul Gosar,Rep,RepGosar,,21103,61,4,AZ,200,1958,0.674,-0.414,
Josh Gottheimer,Rep,RepJoshG,,21723,12,5,NJ,100,1975,-0.135,0.192,
Kay Granger,Rep,RepKayGranger,,29762,49,12,TX,200,1943,0.397,0.239,
Garret Graves,Rep,RepGarretGraves,,21523,45,6,LA,200,1972,0.462,-0.078,
Sam Graves,Rep,RepSamGraves,,20124,34,6,MO,200,1963,0.442,0.169,
Tom Graves,Rep,RepTomGraves,,20962,44,14,GA,200,1970,0.724,-0.011,
Al Green,Rep,RepAlGreen,,20529,49,9,TX,100,1947,-0.438,0.315,
Mark E. Green,Rep,RepMarkGreen,,21926,54,7,TN,200,1964,0.723,0.127,
Morgan Griffith,Rep,RepMGriffith,,21191,40,9,VA,200,1958,0.552,-0.438,
Raúl Grijalva,Rep,RepraulGrijalva,,20305,61,3,AZ,100,1948,-0.599,-0.255,
Glenn Grothman,Rep,RepGrothman,,21559,25,6,WI,200,1955,0.618,-0.289,
Michael Guest,Rep,RepMichaelGuest,,21927,46,3,MS,200,1970,0.477,0.257,
Brett Guthrie,Rep,RepGuthrie,,20916,51,2,KY,200,1964,0.417,0.27,
Deb Haaland,Rep,RepDebHaaland,,21928,66,1,NM,100,1960,-0.295,-0.296,
Jim Hagedorn,Rep,RepHagedorn,,21929,33,1,MN,200,1962,0.441,0.482,
Josh Harder,Rep,RepJoshHarder,,21930,71,10,CA,100,1986,-0.373,0.768,
Andy Harris,Rep,RepAndyHarrisMD,,21139,52,1,MD,200,1957,0.652,-0.371,
Vicky Hartzler,Rep,RepHartzler,,21149,34,4,MO,200,1960,0.466,0.324,
Alcee Hastings,Rep,RepHastingsFL,,29337,43,20,FL,100,1936,-0.564,0.158,
Jahana Hayes,Rep,RepJahanaHayes,,21931,1,5,CT,100,1973,-0.34,-0.067,
Dennis Heck,Rep,RepDennyHeck,,21369,73,10,WA,100,1952,-0.31,-0.13,
Kevin Hern,Rep,repkevinhern,,21760,53,1,OK,200,1961,0.678,0.012,
Jaime Herrera Beutler,Rep,HerreraBeutler,,21187,73,3,WA,200,1978,0.359,-0.193,
Jody Hice,Rep,congressmanhice,,21514,44,10,GA,200,1960,0.789,-0.093,
Brian Higgins,Rep,RepBrianHiggins,,20519,13,26,NY,100,1959,-0.347,-0.033,
Clay Higgins,Rep,RepClayHiggins,,21724,45,3,LA,200,1961,0.565,-0.08,
French Hill,Rep,RepFrenchHill,,21503,42,2,AR,200,1956,0.453,0.225,
Katie Hill,Rep,RepKatieHill,,21932,71,25,CA,100,1987,-0.306,0.114,
Jim Himes,Rep,jahimes,,20907,1,4,CT,100,1966,-0.242,-0.243,
George Holding,Rep,RepHolding,,21349,47,2,NC,200,1968,0.613,0.154,
Trey Hollingsworth,Rep,RepTrey,VoteForTrey,21725,22,9,IN,200,1983,0.407,-0.229,
Eleanor Holmes Norton,Rep,EleanorNorton,,NA,NA,NA,DC,100,1937,NA,NA,
Kendra Horn,Rep,RepKendraHorn,,21933,53,5,OK,100,1976,-0.184,0.519,
Steven Horsford,Rep,RepHorsford,,21339,65,4,NV,100,1973,-0.351,0.09,
Chrissy Houlahan,Rep,RepHoulahan,,21934,14,6,PA,100,1967,-0.32,0.594,
Steny Hoyer,Rep,LeaderHoyer,,14873,52,5,MD,100,1939,-0.38,0.117,
Richard Hudson,Rep,RepRichHudson,,21346,47,8,NC,200,1971,0.584,0.12,
Jared Huffman,Rep,RepHuffman,,21303,71,2,CA,100,1964,-0.425,-0.546,
Bill Huizenga,Rep,RepHuizenga,,21142,23,2,MI,200,1969,0.591,-0.059,
Duncan D. Hunter,Rep,Rep_Hunter,,20963,71,50,CA,200,1976,0.539,0.085,
Will Hurd,Rep,hurdonthehill,,21550,49,23,TX,200,1977,0.294,0.231,
Sheila Jackson Lee,Rep,JacksonLeeTX18,,29573,49,18,TX,100,1950,-0.459,0.129,
Pramila Jayapal,Rep,RepJayapal,,21726,73,7,WA,100,1965,-0.697,-0.224,
Hakeem Jeffries,Rep,RepJeffries,,21343,13,8,NY,100,1970,-0.487,-0.086,
Bill Johnson,Rep,RepBillJohnson,,21162,24,6,OH,200,1954,0.433,0.278,
Dusty Johnson,Rep,RepDustyJohnson,,21935,37,1,SD,200,1976,0.489,0.026,
Eddie Bernice Johnson,Rep,RepEBJ,,39305,49,30,TX,100,1935,-0.485,0.204,
Hank Johnson,Rep,RepHankJohnson,,20712,44,4,GA,100,1954,-0.466,0.007,
Mike Johnson,Rep,RepMikeJohnson,,21727,45,4,LA,200,1972,0.557,-0.093,
Walter Beaman Jones Jr.,Rep,,,29546,47,3,NC,200,1943,0.244,-0.362,
Jim Jordan,Rep,Jim_Jordan,,20738,24,4,OH,200,1964,0.719,-0.225,
David Joyce,Rep,RepDaveJoyce,,21353,24,14,OH,200,1957,0.265,0.265,
John Joyce,Rep,RepJohnJoyce,,21936,14,13,PA,200,1957,0.539,0.128,
Marcy Kaptur,Rep,RepMarcyKaptur,,15029,24,9,OH,100,1946,-0.35,0.109,
John Katko,Rep,RepJohnKatko,,21542,13,24,NY,200,1962,0.203,-0.006,
Bill Keating,Rep,USRepKeating,,21140,3,9,MA,100,1952,-0.328,-0.133,
Fred Keller,Rep,VoteFredKeller,RepFredKeller,21985,14,12,PA,200,1965,0.476,0.183,
Mike Kelly,Rep,MikeKellyPA,,21167,14,16,PA,200,1948,0.342,0.468,
Robin Kelly,Rep,RepRobinKelly,,21371,21,2,IL,100,1956,-0.459,0.003,
Trent Kelly,Rep,reptrentkelly,,21561,46,1,MS,200,1966,0.627,0.252,
Joseph P. Kennedy,Rep,RepJoeKennedy,,21335,3,4,MA,100,1980,-0.423,-0.185,
Ro Khanna,Rep,RepRoKhanna,,21728,71,17,CA,100,1976,-0.587,-0.195,
Dan Kildee,Rep,RepDanKildee,,21372,23,5,MI,100,1958,-0.395,-0.212,
Derek Kilmer,Rep,RepDerekKilmer,,21368,73,6,WA,100,1974,-0.309,-0.013,
Andy Kim,Rep,RepAndyKimNJ,,21937,12,3,NJ,100,1982,-0.284,0.47,
Ron Kind,Rep,RepRonKind,,29769,25,3,WI,100,1963,-0.262,-0.083,
Peter T. King,Rep,RepPeteKing,,29375,13,2,NY,200,1944,0.26,-0.033,
Steve King,Rep,SteveKingIA,,20325,31,4,IA,200,1949,0.61,0.192,
Adam Kinzinger,Rep,RepKinzinger,,21128,21,16,IL,200,1978,0.273,0.314,
Ann Kirkpatrick,Rep,RepKirkpatrick,,20902,61,2,AZ,100,1950,-0.162,-0.006,
Raja Krishnamoorthi,Rep,congressmanraja,,21730,21,8,IL,100,1973,-0.311,-0.112,
Ann McLane Kuster,Rep,RepAnnieKuster,,21340,4,2,NH,100,1956,-0.254,-0.133,
David Kustoff,Rep,repdavidkustoff,,21731,54,8,TN,200,1966,0.534,0.25,
Darin LaHood,Rep,RepLaHood,,21562,21,18,IL,200,1968,0.464,0.143,
Doug LaMalfa,Rep,RepLaMalfa,,21302,71,1,CA,200,1960,0.533,0.109,
Conor Lamb,Rep,RepConorLamb,,21756,14,17,PA,100,1984,-0.117,0.128,
Doug Lamborn,Rep,RepDLamborn,,20704,62,5,CO,200,1954,0.68,0.198,
James Langevin,Rep,JimLangevin,,20136,5,2,RI,100,1964,-0.376,0.108,
Rick Larsen,Rep,RepRickLarsen,,20145,73,2,WA,100,1965,-0.365,0.189,
John B. Larson,Rep,RepJohnLarson,,29908,1,1,CT,100,1948,-0.398,-0.054,
Bob Latta,Rep,boblatta,,20755,24,5,OH,200,1956,0.519,0.257,
Brenda Lawrence,Rep,RepLawrence,,21530,23,14,MI,100,1954,-0.444,-0.038,
Al Lawson,Rep,RepAlLawsonJr,,21732,43,5,FL,100,1948,-0.257,0.095,
Barbara Lee,Rep,RepBarbaraLee,,29778,71,13,CA,100,1946,-0.683,-0.587,
Susie Lee,Rep,RepSusieLee,,21938,65,3,NV,100,1966,-0.282,0.359,
Debbie Lesko,Rep,RepDLesko,,21757,61,8,AZ,200,1958,0.605,-0.053,
Andy Levin,Rep,RepAndyLevin,,21940,23,9,MI,100,1960,-0.506,-0.526,
Mike Levin,Rep,RepMikeLevin,,21939,71,49,CA,100,1978,-0.395,0.107,
John Lewis,Rep,RepJohnLewis,,15431,44,5,GA,100,1940,-0.589,-0.221,
Ted Lieu,Rep,RepTedLieu,,21507,71,33,CA,100,1969,-0.37,-0.261,
Dan Lipinski,Rep,RepLipinski,,20508,21,3,IL,100,1966,-0.23,0.177,
Dave Loebsack,Rep,DaveLoebsack,,20720,31,2,IA,100,1952,-0.276,-0.032,
Zoe Lofgren,Rep,RepZoeLofgren,,29504,71,19,CA,100,1947,-0.402,-0.444,
Billy Long,Rep,USRepLong,,21150,34,7,MO,200,1955,0.544,0.246,
Barry Loudermilk,Rep,RepLoudermilk,,21515,44,11,GA,200,1963,0.688,-0.013,
Alan Lowenthal,Rep,RepLowenthal,,21313,71,47,CA,100,1941,-0.45,-0.368,
Nita Lowey,Rep,NitaLowey,,15612,13,17,NY,100,1937,-0.389,-0.155,
Frank Lucas,Rep,RepFrankLucas,,29393,53,3,OK,200,1960,0.362,0.414,
Blaine Luetkemeyer,Rep,RepBlaine,,20926,34,3,MO,200,1952,0.437,0.254,
Ben Ray Luján,Rep,RepBenRayLujan,,20932,66,3,NM,100,1972,-0.367,0.017,
Elaine Luria,Rep,RepElaineLuria,,21941,40,2,VA,100,1975,-0.177,0.352,
Stephen F. Lynch,Rep,RepStephenLynch,,20119,3,8,MA,100,1955,-0.35,0.039,
Tom Malinowski,Rep,RepMalinowski,,21942,12,7,NJ,100,1965,-0.265,0.051,
Carolyn Maloney,Rep,RepMaloney,,29379,13,12,NY,100,1946,-0.387,-0.279,
Sean Patrick Maloney,Rep,RepSeanMaloney,,21344,13,18,NY,100,1966,-0.237,0.118,
Kenny Marchant,Rep,RepKenMarchant,,20532,49,24,TX,200,1951,0.601,0.169,
Thomas Marino,Rep,,,21170,14,12,PA,200,1952,0.352,0.477,
Roger Marshall,Rep,RepMarshall,,21734,32,1,KS,200,1960,0.527,0.169,
Thomas Massie,Rep,RepThomasMassie,,31102,51,4,KY,200,1971,0.68,-0.733,
Brian Mast,Rep,repbrianmast,,21735,43,18,FL,200,1980,0.411,-0.284,
Doris Matsui,Rep,DorisMatsui,,20538,71,6,CA,100,1944,-0.434,-0.164,
Ben McAdams,Rep,RepBenMcAdams,,21943,67,4,UT,100,1974,-0.071,0.254,
Lucy McBath,Rep,replucymcbath,,21944,44,6,GA,100,1960,-0.251,0.303,
Kevin McCarthy,Rep,GOPLeader,,20703,71,23,CA,200,1965,0.459,0.21,
Michael McCaul,Rep,RepMcCaul,,20530,49,10,TX,200,1962,0.438,0.09,
Tom McClintock,Rep,RepMcClintock,,20903,71,4,CA,200,1956,0.72,-0.478,
Betty McCollum,Rep,BettyMcCollum04,,20122,33,4,MN,100,1954,-0.418,-0.19,
Donald McEachin,Rep,RepMcEachin,,21736,40,4,VA,100,1961,-0.388,-0.092,
Jim McGovern,Rep,RepMcGovern,,29729,3,2,MA,100,1959,-0.539,-0.299,
Patrick McHenry,Rep,PatrickMcHenry,,20522,47,10,NC,200,1975,0.553,0.072,
David McKinley,Rep,RepMcKinley,,21188,56,1,WV,200,1947,0.302,0.188,
Cathy McMorris Rodgers,Rep,CathyMcMorris,,20535,73,5,WA,200,1969,0.424,0.114,
Jerry McNerney,Rep,RepMcNerney,,20702,71,9,CA,100,1951,-0.261,-0.149,
Mark Meadows,Rep,RepMarkMeadows,,21348,47,11,NC,200,1959,0.607,-0.204,
Gregory Meeks,Rep,RepGregoryMeeks,,29776,13,5,NY,100,1953,-0.413,-0.074,
Grace Meng,Rep,RepGraceMeng,,21342,13,6,NY,100,1975,-0.378,-0.161,
Dan Meuser,Rep,RepMeuser,,21945,14,9,PA,200,1964,0.579,0.418,
Carol Miller,Rep,RepCarolMiller,,21946,56,3,WV,200,1950,0.463,0.388,
Paul Mitchell,Rep,RepPaulMitchell,,21737,23,10,MI,200,1961,0.424,0.299,
John Moolenaar,Rep,RepMoolenaar,,21526,23,4,MI,200,1961,0.397,0.429,
Alex Mooney,Rep,RepAlexMooney,,21557,56,2,WV,200,1971,0.577,-0.29,
Gwen Moore,Rep,RepGwenMoore,,20537,25,4,WI,100,1951,-0.531,-0.247,
Joseph D. Morelle,Rep,RepJoeMorelle,,21761,13,25,NY,100,1957,-0.313,0.099,
Seth Moulton,Rep,sethmoulton,teammoulton,21525,3,6,MA,100,1978,-0.286,-0.077,
Debbie Mucarsel-Powell,Rep,RepDMP,,21947,43,26,FL,100,1971,-0.351,0.249,
Markwayne Mullin,Rep,RepMullin,,21355,53,2,OK,200,1977,0.515,0.373,
Gregory Murphy,Rep,GMMD4Greenville,,21987,47,3,NC,200,1963,0.601,0.01,
Stephanie Murphy,Rep,RepStephMurphy,,21738,43,7,FL,100,1978,-0.158,0.054,
Jerrold Nadler,Rep,RepJerryNadler,,29377,13,10,NY,100,1947,-0.508,-0.508,
Grace Napolitano,Rep,GraceNapolitano,,29903,71,32,CA,100,1936,-0.448,-0.251,
Richard Neal,Rep,RepRichardNeal,,15616,3,1,MA,100,1949,-0.417,-0.11,
Joe Neguse,Rep,RepJoeNeguse,,21948,62,2,CO,100,1984,-0.514,-0.466,
Dan Newhouse,Rep,RepNewhouse,,21556,73,4,WA,200,1955,0.348,0.226,
Donald Norcross,Rep,DonaldNorcross,,21536,12,1,NJ,100,1958,-0.427,0.328,
Ralph Norman,Rep,RepRalphNorman,,21753,48,5,SC,200,1953,0.78,-0.175,
Devin Nunes,Rep,RepDevinNunes,,20307,71,22,CA,200,1973,0.449,0.212,
Alexandria Ocasio-Cortez,Rep,RepAOC,,21949,13,14,NY,100,1989,-0.228,-0.974,
Tom O'Halleran,Rep,repohalleran,,21739,61,1,AZ,100,1946,-0.183,0.154,
Pete Olson,Rep,RepPeteOlson,,20948,49,22,TX,200,1962,0.549,0.307,
Ilhan Omar,Rep,Ilhan,,21950,33,5,MN,100,1981,-0.299,-0.954,
Steven Palazzo,Rep,CongPalazzo,,21148,46,4,MS,200,1970,0.522,0.553,
Frank Pallone,Rep,FrankPallone,,15454,12,6,NJ,100,1951,-0.404,-0.162,
Gary Palmer,Rep,USRepGaryPalmer,,21500,41,6,AL,200,1954,0.711,-0.061,
Jimmy Panetta,Rep,RepJimmyPanetta,,21740,71,20,CA,100,1969,-0.303,0.036,
Chris Pappas,Rep,RepChrisPappas,,21951,4,1,NH,100,1980,-0.378,0.261,
Bill Pascrell,Rep,BillPascrell,,29741,12,9,NJ,100,1937,-0.366,-0.005,
Donald Payne Jr.,Rep,RepDonaldPayne,,31103,12,10,NJ,100,1958,-0.516,-0.105,
Nancy Pelosi,Rep,SpeakerPelosi,,15448,71,12,CA,100,1940,-0.49,-0.206,
Greg Pence,Rep,RepGregPence,,21952,22,6,IN,200,1956,0.427,0.648,
Ed Perlmutter,Rep,RepPerlmutter,,20705,62,7,CO,100,1953,-0.281,0.076,
Scott Perry,Rep,RepScottPerry,,21356,14,10,PA,200,1962,0.627,-0.35,
Scott Peters,Rep,RepScottPeters,,21315,71,52,CA,100,1958,-0.177,-0.052,
Collin Peterson,Rep,collinpeterson,,29127,33,7,MN,100,1944,-0.148,0.713,
Dean Phillips,Rep,RepDeanPhillips,,21953,33,3,MN,100,1969,-0.223,-0.053,
Chellie Pingree,Rep,ChelliePingree,,20920,2,1,ME,100,1955,-0.421,-0.401,
Stacey Plaskett,Rep,staceyplaskett,,NA,NA,NA,USVI,100,1966,NA,NA,
Mark Pocan,Rep,RepMarkPocan,,21370,25,2,WI,100,1964,-0.542,-0.529,
Katie Porter,Rep,RepKatiePorter,,21954,71,45,CA,100,1974,-0.172,0.08,
Bill Posey,Rep,CongBillPosey,,20909,43,8,FL,200,1947,0.519,-0.316,
Ayanna Pressley,Rep,RepPressley,,21955,3,7,MA,100,1974,-0.283,-0.959,
David Price,Rep,RepDavidEPrice,,15438,47,4,NC,100,1940,-0.343,-0.031,
Mike Quigley,Rep,RepMikeQuigley,,20954,21,5,IL,100,1958,-0.321,-0.285,
Amata Coleman Radewagen,Rep,RepAmata,,NA,NA,NA,PR,200,1976,NA,NA,
Jamie Raskin,Rep,RepRaskin,,21741,52,8,MD,100,1962,-0.546,-0.23,
John Ratcliffe,Rep,RepRatcliffe,,21549,49,4,TX,200,1965,0.695,0.113,
Tom Reed,Rep,RepTomReed,,21101,13,23,NY,200,1971,0.281,0.111,
Guy Reschenthaler,Rep,GReschenthaler,,21956,14,14,PA,200,1983,0.358,0.401,
Kathleen Rice,Rep,RepKathleenRice,,21540,13,4,NY,100,1965,-0.283,0.022,
Tom Rice,Rep,RepTomRice,,21359,48,7,SC,200,1957,0.6,-0.274,
Cedric Richmond,Rep,RepRichmond,,21137,45,2,LA,100,1973,-0.483,0.328,
Denver Riggleman,Rep,RepRiggleman,,21957,40,5,VA,200,1970,0.482,-0.053,
Martha Roby,Rep,RepMarthaRoby,,21192,41,2,AL,200,1976,0.361,0.654,
Phil Roe,Rep,DrPhilRoe,,20947,54,1,TN,200,1945,0.485,0.023,
Hal Rogers,Rep,RepHalRogers,,14854,51,5,KY,200,1937,0.336,0.107,
Mike Rogers,Rep,RepMikeRogersAL,,20301,41,3,AL,200,1958,0.354,0.458,
Francis Rooney,Rep,RepRooney,,21742,43,19,FL,200,1953,0.513,-0.516,
John Rose,Rep,RepJohnRose,,21959,54,6,TN,200,1965,0.688,0.122,
Max Rose,Rep,RepMaxRose,,21958,13,11,NY,100,1986,-0.171,0.131,
Harley Rouda,Rep,RepHarley,,21960,71,48,CA,100,1961,-0.326,0.522,
David Rouzer,Rep,RepDavidRouzer,,21544,47,7,NC,200,1972,0.573,0.183,
Chip Roy,Rep,RepChipRoy,,21961,49,21,TX,200,1972,0.8,-0.6,
Lucille Roybal-Allard,Rep,RepRoybalAllard,,29317,71,40,CA,100,1941,-0.471,-0.19,
Raul Ruiz,Rep,CongressmanRuiz,,21311,71,36,CA,100,1972,-0.241,0.062,
Dutch Ruppersberger,Rep,Call_Me_Dutch,,20329,52,2,MD,100,1946,-0.295,0.133,
Bobby Rush,Rep,RepBobbyRush,,29346,21,1,IL,100,1946,-0.478,-0.201,
John Rutherford,Rep,RepRutherfordFL,,21744,43,4,FL,200,1952,0.399,0.146,
Tim Ryan,Rep,RepTimRyan,,20343,24,13,OH,100,1973,-0.402,0.214,
Gregorio Sablan,Rep,Kilili_Sablan,,NA,NA,NA,NMI,100,1955,NA,NA,
Michael San Nicolas,Rep,GuamCongressman,,NA,NA,NA,GU,100,1981,NA,NA,
Linda Sánchez,Rep,RepLindaSanchez,,20310,71,38,CA,100,1969,-0.508,-0.139,
John Sarbanes,Rep,RepSarbanes,,20724,52,3,MD,100,1962,-0.468,-0.074,
Steve Scalise,Rep,SteveScalise,,20759,45,1,LA,200,1965,0.563,0.154,
Mary Gay Scanlon,Rep,RepMGS,,21762,14,5,PA,100,1959,-0.467,-0.024,
Jan Schakowsky,Rep,JanSchakowsky,,29911,21,9,IL,100,1944,-0.607,-0.269,
Adam Schiff,Rep,RepAdamSchiff,,20104,71,28,CA,100,1960,-0.349,-0.129,
Brad Schneider,Rep,repschneider,,21326,21,10,IL,100,1961,-0.17,-0.206,
Kurt Schrader,Rep,RepSchrader,,20944,72,5,OR,100,1951,-0.191,0.063,
Kim Schrier,Rep,RepKimSchrier,,21962,73,8,WA,100,1968,-0.34,0.447,
David Schweikert,Rep,RepDavid,,21105,61,6,AZ,200,1962,0.593,-0.33,
Austin Scott,Rep,AustinScottGA08,,21123,44,8,GA,200,1969,0.571,0.174,
Bobby Scott,Rep,BobbyScott,,20321,44,13,GA,100,1945,-0.301,0.163,
David Scott,Rep,RepDavidScott,,39307,40,3,VA,100,1947,-0.45,0.015,
Jim Sensenbrenner,Rep,JimPressOffice,,14657,25,5,WI,200,1943,0.64,-0.587,
José E. Serrano,Rep,RepJoseSerrano,,29134,13,15,NY,100,1943,-0.491,-0.376,
Terri Sewell,Rep,RepTerriSewell,,21102,41,7,AL,100,1965,-0.39,0.401,
Donna Shalala,Rep,RepShalala,,21963,43,27,FL,100,1941,-0.369,-0.075,
Brad Sherman,Rep,BradSherman,,29707,71,30,CA,100,1954,-0.342,-0.148,
Mikie Sherrill,Rep,RepSherrill,,21964,12,11,NJ,100,1972,-0.177,0.259,
John Shimkus,Rep,RepShimkus,,29718,21,15,IL,200,1958,0.374,0.148,
Mike Simpson,Rep,CongMikeSimpson,,29910,63,2,ID,200,1950,0.296,0.282,
Albio Sires,Rep,RepSires,,20542,12,8,NJ,100,1951,-0.405,0.095,
Elissa Slotkin,Rep,RepSlotkin,,21965,23,8,MI,100,1976,-0.309,0.798,
Adam Smith,Rep,RepAdamSmith,,29768,73,9,WA,100,1965,-0.284,-0.16,
Adrian Smith,Rep,RepAdrianSmith,,20729,35,3,NE,200,1970,0.515,0.186,
Christopher Smith,Rep,RepChrisSmith,,14863,12,4,NJ,200,1953,0.164,-0.168,
Jason Smith,Rep,RepJasonSmith,,21373,34,8,MO,200,1980,0.595,0.209,
Lloyd Smucker,Rep,RepSmucker,,21745,14,11,PA,200,1964,0.42,0.267,
Darren Soto,Rep,RepDarrenSoto,,21746,43,9,FL,100,1978,-0.381,0.119,
Abigail Spanberger,Rep,RepSpanberger,,21966,40,7,VA,100,1979,-0.187,0.501,
Ross Spano,Rep,RepRossSpano,,21967,43,15,FL,200,1966,0.45,-0.011,
Jackie Speier,Rep,RepSpeier,,20762,71,14,CA,100,1950,-0.381,-0.448,
Greg Stanton,Rep,RepGregStanton,,21968,61,9,AZ,100,1970,-0.299,-0.125,
Pete Stauber,Rep,RepPeteStauber,,21969,33,8,MN,200,1966,0.289,0.203,
Elise Stefanik,Rep,RepStefanik,,21541,13,21,NY,200,1984,0.218,0.003,
Bryan Steil,Rep,RepBryanSteil,,21970,25,1,WI,200,1981,0.417,-0.068,
Greg Steube,Rep,RepGregSteube,,21971,43,17,FL,200,1978,0.651,-0.335,
Haley Stevens,Rep,RepHaleyStevens,,21972,23,11,MI,100,1983,-0.372,0.512,
Chris Stewart,Rep,RepChrisStewart,,21367,67,2,UT,200,1960,0.529,0.153,
Steve Stivers,Rep,RepSteveStivers,,21163,24,15,OH,200,1965,0.297,0.271,
Thomas Suozzi,Rep,RepTomSuozzi,,21747,13,3,NY,100,1962,-0.207,0.083,
Eric Swalwell,Rep,RepSwalwell,,21306,71,15,CA,100,1980,-0.368,-0.11,
Mark Takano,Rep,RepMarkTakano,,21312,71,41,CA,100,1960,-0.462,-0.257,
Van Taylor,Rep,RepVanTaylor,,21973,49,3,TX,200,1972,0.549,-0.158,
Bennie Thompson,Rep,BennieGThompson,,29368,46,2,MS,100,1948,-0.516,0.399,
Glenn Thompson,Rep,CongressmanGT,,20946,14,15,PA,200,1959,0.309,0.387,
Mike Thompson,Rep,RepThompson,,29901,71,5,CA,100,1951,-0.395,0.064,
Mac Thornberry,Rep,MacTXPress,,29572,49,13,TX,200,1958,0.524,0.309,
William Timmons,Rep,RepTimmons,,21974,48,4,SC,200,1984,0.593,0.157,
Scott Tipton,Rep,RepTipton,,21111,62,3,CO,200,1956,0.447,-0.025,
Dina Titus,Rep,RepDinaTitus,,20927,65,1,NV,100,1950,-0.302,-0.217,
Rashida Tlaib,Rep,RepRashida,,21975,23,13,MI,100,1976,-0.289,-0.957,
Paul Tonko,Rep,RepPaulTonko,,20934,13,20,NY,100,1949,-0.421,-0.264,
Xochitl Torres Small,Rep,RepTorresSmall,,21976,66,2,NM,100,1984,-0.155,0.256,
Norma Torres,Rep,NormaJTorres,,21508,71,35,CA,100,1965,-0.362,0.029,
Lori Trahan,Rep,RepLoriTrahan,,21977,3,3,MA,100,1973,-0.476,-0.196,
David Trone,Rep,repdavidtrone,,21978,52,6,MD,100,1955,-0.269,-0.104,
Mike Turner,Rep,RepMikeTurner,,20342,24,10,OH,200,1960,0.27,0.207,
Lauren Underwood,Rep,RepUnderwood,,21979,21,14,IL,100,1986,-0.568,0.623,
Fred Upton,Rep,RepFredUpton,,15446,23,6,MI,200,1953,0.335,-0.383,
Jeff Van Drew,Rep,CongressmanJVD,,21980,12,2,NJ,100,1953,-0.147,0.644,
Juan Vargas,Rep,RepJuanVargas,,21314,71,51,CA,100,1961,-0.397,0.103,
Marc Veasey,Rep,RepVeasey,,21365,49,33,TX,100,1971,-0.402,0.286,
Filemon Vela Jr.,Rep,RepFilemonVela,,21366,49,34,TX,100,1963,-0.312,0.415,
Nydia Velázquez,Rep,NydiaVelazquez,,29378,13,7,NY,100,1953,-0.547,-0.338,
Pete Visclosky,Rep,RepVisclosky,,15124,22,1,IN,100,1949,-0.402,0.244,
Ann Wagner,Rep,RepAnnWagner,,21337,34,2,MO,200,1962,0.452,0.149,
Tim Walberg,Rep,RepWalberg,,20725,23,7,MI,200,1951,0.517,0.065,
Greg Walden,Rep,RepGregWalden,,29932,72,2,OR,200,1957,0.334,-0.014,
Mark Walker,Rep,RepMarkWalker,,21543,47,6,NC,200,1969,0.64,0.024,
Jackie Walorski,Rep,RepWalorski,,21330,22,2,IN,200,1963,0.428,0.31,
Michael Waltz,Rep,RepMichaelWaltz,,21981,43,6,FL,200,1974,0.395,-0.14,
Debbie Wasserman Schultz,Rep,RepDWStweets,,20504,43,23,FL,100,1966,-0.421,0.067,
Maxine Waters,Rep,RepMaxineWaters,,29106,71,43,CA,100,1938,-0.653,-0.071,
Steve Watkins,Rep,Rep_Watkins,,21982,32,2,KS,200,1976,0.556,0.056,
Bonnie Watson Coleman,Rep,RepBonnie,,21538,12,12,NJ,100,1945,-0.626,-0.13,
Randy Weber,Rep,TXRandy14,,21360,49,14,TX,200,1953,0.706,0.053,
Daniel Webster,Rep,RepWebster,,21116,43,11,FL,200,1949,0.508,-0.044,
Peter Welch,Rep,PeterWelch,,20750,6,1,VT,100,1947,-0.41,-0.349,
Brad Wenstrup,Rep,RepBradWenstrup,,21351,24,2,OH,200,1958,0.552,0.168,
Bruce Westerman,Rep,RepWesterman,,21563,42,4,AR,200,1967,0.548,0.36,
Jennifer Wexton,Rep,RepWexton,,21983,40,10,VA,100,1968,-0.376,0.448,
Susan Wild,Rep,RepSusanWild,,21763,14,7,PA,100,1957,-0.399,0.683,
Roger Williams,Rep,RepRWilliams,,21364,49,25,TX,200,1949,0.588,0.092,
Frederica Wilson,Rep,RepWilson,,20138,48,2,SC,200,1947,0.538,0.108,
Joe Wilson,Rep,RepJoeWilson,,21118,43,24,FL,100,1942,-0.475,-0.017,
Rob Wittman,Rep,RobWittman,,20756,40,1,VA,200,1959,0.444,-0.022,
Steve Womack,Rep,Rep_SteveWomack,,21108,42,3,AR,200,1957,0.353,0.586,
Rob Woodall,Rep,RepRobWoodall,,21122,44,7,GA,200,1970,0.601,-0.202,
Ron Wright,Rep,RepRonWright,,21984,49,6,TX,200,1953,0.736,-0.05,
John Yarmuth,Rep,RepJohnYarmuth,,20723,51,3,KY,100,1947,-0.378,-0.27,
Ted Yoho,Rep,RepTedYoho,,21317,43,3,FL,200,1955,0.703,-0.366,
Don Young,Rep,RepDonYoung,,14066,81,1,AK,200,1933,0.284,0.023,
Lee Zeldin,Rep,RepLeeZeldin,,21539,13,1,NY,200,1980,0.387,-0.134,
Lamar Alexander,Sen,SenAlexander,,40304,54,0,TN,200,1940,0.323,-0.175,
Tammy Baldwin,Sen,SenatorBaldwin,,29940,25,0,WI,100,1962,-0.5,-0.184,
John Barrasso,Sen,SenJohnBarrasso,,40707,68,0,WY,200,1952,0.54,0.236,
Michael Bennet,Sen,SenatorBennet,,40910,62,0,CO,100,1964,-0.219,-0.153,
Marsha Blackburn,Sen,MarshaBlackburn,,20351,54,0,TN,200,1952,0.617,0.133,
Richard Blumenthal,Sen,SenBlumenthal,,41101,1,0,CT,100,1946,-0.431,-0.077,
Roy Blunt,Sen,RoyBlunt,,29735,34,0,MO,200,1950,0.427,0.281,
Cory Booker,Sen,SenBooker,,41308,12,0,NJ,100,1969,-0.609,-0.205,
John Boozman,Sen,JohnBoozman,,20101,42,0,AR,200,1950,0.4,0.246,
Mike Braun,Sen,SenatorBraun,,41900,22,0,IN,200,1954,0.8,0.6,
Sherrod Brown,Sen,SenSherrodBrown,,29389,24,0,OH,100,1952,-0.431,-0.118,
Richard Burr,Sen,SenatorBurr,,29548,47,0,NC,200,1955,0.45,-0.055,
Maria Cantwell,Sen,SenatorCantwell,,39310,73,0,WA,100,1958,-0.299,-0.402,
Shelley Moore Capito,Sen,SenCapito,,20146,56,0,WV,200,1953,0.262,0.058,
Ben Cardin,Sen,SenatorCardin,,15408,52,0,MD,100,1943,-0.321,-0.232,
Tom Carper,Sen,SenatorCarper,,15015,11,0,DE,100,1947,-0.175,-0.23,
Bob Casey Jr.,Sen,SenBobCasey,,40703,14,0,PA,100,1960,-0.306,0.18,
Bill Cassidy,Sen,SenBillCassidy,,20919,45,0,LA,200,1957,0.454,-0.096,
Susan Collins,Sen,SenatorCollins,,49703,2,0,ME,200,1952,0.112,-0.545,
Chris Coons,Sen,ChrisCoons,,40916,11,0,DE,100,1963,-0.223,-0.214,
John Cornyn,Sen,JohnCornyn,,40305,49,0,TX,200,1952,0.495,-0.002,
Catherine Cortez Masto,Sen,sencortezmasto,,41700,65,0,NV,100,1964,-0.372,0.334,
Tom Cotton,Sen,SenTomCotton,,21301,42,0,AR,200,1977,0.581,0.098,
Kevin Cramer,Sen,SenKevinCramer,,21350,36,0,ND,200,1961,0.388,0.298,
Mike Crapo,Sen,MikeCrapo,,29345,63,0,ID,200,1951,0.51,0.291,
Ted Cruz,Sen,SenTedCruz,,41304,49,0,TX,200,1970,0.826,-0.304,
Steve Daines,Sen,SteveDaines,,21338,64,0,MT,200,1962,0.555,-0.111,
Tammy Duckworth,Sen,SenDuckworth,,21325,21,0,IL,100,1968,-0.334,0.111,
Dick Durbin,Sen,SenatorDurbin,,15021,21,0,IL,100,1944,-0.353,-0.332,
Mike Enzi,Sen,SenatorEnzi,,49706,68,0,WY,200,1944,0.543,0.19,
Joni Ernst,Sen,SenJoniErnst,,41502,31,0,IA,200,1970,0.531,-0.003,
Dianne Feinstein,Sen,SenFeinstein,,49300,71,0,CA,100,1933,-0.268,-0.2,
Deb Fischer,Sen,SenatorFischer,,41302,35,0,NE,200,1951,0.473,0.33,
Cory Gardner,Sen,SenCoryGardner,,21112,62,0,CO,200,1974,0.445,-0.012,
Kirsten Gillibrand,Sen,GillibrandNY,,20735,13,0,NY,100,1966,-0.465,-0.415,
Lindsey Graham,Sen,GrahamBlog,,29566,48,0,SC,200,1955,0.406,-0.171,
Chuck Grassley,Sen,ChuckGrassley,,14226,31,0,IA,200,1933,0.345,-0.067,
Kamala Harris,Sen,SenKamalaHarris,,41701,71,0,CA,100,1964,-0.714,-0.084,
Maggie Hassan,Sen,Senatorhassan,,41702,4,0,NH,100,1958,-0.241,-0.073,
Josh Hawley,Sen,SenHawleyPress,,41901,34,0,MO,200,1979,0.589,-0.339,
Martin Heinrich,Sen,MartinHeinrich,,20930,66,0,NM,100,1971,-0.322,-0.015,
Mazie Hirono,Sen,MazieHirono,,20713,82,0,HI,100,1947,-0.51,-0.091,
John Hoeven,Sen,SenJohnHoeven,,41107,36,0,ND,200,1957,0.341,0.333,
Cindy Hyde-Smith,Sen,SenHydeSmith,,41707,46,0,MS,200,1959,0.362,0.257,
James Inhofe,Sen,JimInhofe,InhofePress,15424,53,0,OK,200,1934,0.555,0.041,
Johnny Isakson,Sen,SenatorIsakson,,29909,44,0,GA,200,1944,0.402,-0.011,
Ron Johnson,Sen,SenRonJohnson,,41111,25,0,WI,200,1955,0.6,-0.294,
Doug Jones,Sen,sendougjones,,41705,41,0,AL,100,1954,-0.089,0.204,
Tim Kaine,Sen,timkaine,,41305,40,0,VA,100,1958,-0.239,-0.079,
John Kennedy,Sen,SenJohnKennedy,,41703,45,0,LA,200,1951,0.552,0.272,
Angus King,Sen,SenAngusKing,,41300,2,0,ME,328,1944,-0.155,-0.233,
Amy Klobuchar,Sen,SenAmyKlobuchar,,40700,33,0,MN,100,1960,-0.275,-0.313,
James Lankford,Sen,SenatorLankford,,21166,53,0,OK,200,1968,0.586,0.161,
Patrick Leahy,Sen,SenatorLeahy,,14307,6,0,VT,100,1940,-0.362,-0.13,
Mike Lee,Sen,SenMikeLee,,41110,67,0,UT,200,1971,0.915,-0.403,
Joe Manchin,Sen,Sen_JoeManchin,,40915,56,0,WV,100,1947,-0.055,0.445,
Ed Markey,Sen,SenMarkey,,14435,3,0,MA,100,1946,-0.51,-0.448,
Mitch McConnell,Sen,McConnellPress,senatemajldr,14921,51,0,KY,200,1942,0.403,0,
Martha McSally,Sen,SenMcSallyAZ,,21501,61,0,AZ,200,1966,0.345,0.025,
Robert Menendez,Sen,SenatorMenendez,,29373,12,0,NJ,100,1954,-0.366,-0.115,
Jeff Merkley,Sen,SenJeffMerkley,,40908,72,0,OR,100,1956,-0.449,-0.77,
Jerry Moran,Sen,JerryMoran,,29722,32,0,KS,200,1954,0.413,0.211,
Lisa Murkowski,Sen,LisaMurkowski,,40300,81,0,AK,200,1957,0.21,-0.285,
Chris Murphy,Sen,ChrisMurphyCT,senmurphyoffice,20707,1,0,CT,100,1973,-0.277,-0.194,
Patty Murray,Sen,PattyMurray,,49308,73,0,WA,100,1950,-0.349,-0.285,
Rand Paul,Sen,RandPaul,,41104,51,0,KY,200,1963,0.878,-0.479,
David Perdue,Sen,sendavidperdue,,41501,44,0,GA,200,1949,0.569,-0.091,
Gary Peters,Sen,SenGaryPeters,,20923,23,0,MI,100,1958,-0.246,-0.203,
Rob Portman,Sen,SenRobPortman,,29386,24,0,OH,200,1955,0.373,-0.242,
Jack Reed,Sen,SenJackReed,,29142,5,0,RI,100,1949,-0.373,-0.201,
Jim Risch,Sen,SenatorRisch,,40902,63,0,ID,200,1943,0.634,0.566,
Pat Roberts,Sen,SenPatRoberts,,14852,32,0,KS,200,1936,0.413,-0.092,
Mitt Romney,Sen,SenatorRomney,,41902,67,0,UT,200,1947,0.416,0.567,
Jacky Rosen,Sen,SenJackyRosen,,21743,65,0,NV,100,1957,-0.27,0.267,
Mike Rounds,Sen,SenatorRounds,,41505,37,0,SD,200,1954,0.396,0.073,
Marco Rubio,Sen,marcorubio,,41102,43,0,FL,200,1971,0.575,-0.281,
Bernie Sanders,Sen,SenSanders,,29147,6,0,VT,328,1941,-0.526,-0.371,
Ben Sasse,Sen,SenSasse,,41503,35,0,NE,200,1972,0.802,-0.243,
Brian Schatz,Sen,SenBrianSchatz,,41112,82,0,HI,100,1972,-0.442,-0.073,
Chuck Schumer,Sen,SenSchumer,,14858,13,0,NY,100,1950,-0.357,-0.396,
Rick Scott,Sen,SenRickScott,,41903,43,0,FL,200,1952,0.489,0.156,
Tim Scott,Sen,SenatorTimScott,,21173,48,0,SC,200,1965,0.644,0.006,
Jeanne Shaheen,Sen,SenatorShaheen,,40906,4,0,NH,100,1947,-0.239,-0.174,
Richard Shelby,Sen,SenShelby,,94659,41,0,AL,200,1934,0.428,0.517,
Kyrsten Sinema,Sen,SenatorSinema,,21300,61,0,AZ,100,1976,-0.102,0.058,
Tina Smith,Sen,SenTinaSmith,,41706,33,0,MN,100,1958,-0.392,-0.096,
Debbie Stabenow,Sen,SenStabenow,,29732,23,0,MI,100,1950,-0.34,-0.003,
Dan Sullivan,Sen,SenDanSullivan,,41500,81,0,AK,200,1964,0.473,0.114,
Jon Tester,Sen,SenatorTester,,40702,64,0,MT,100,1956,-0.218,0.146,
John Thune,Sen,SenJohnThune,,29754,37,0,SD,200,1961,0.41,0.136,
Thom Tillis,Sen,senthomtillis,,41504,47,0,NC,200,1960,0.43,0.067,
Pat Toomey,Sen,SenToomey,,29935,14,0,PA,200,1961,0.646,-0.299,
Tom Udall,Sen,SenatorTomUdall,,29924,66,0,NM,100,1948,-0.451,0.17,
Chris Van Hollen,Sen,ChrisVanHollen,,20330,52,0,MD,100,1959,-0.389,-0.187,
Mark Warner,Sen,MarkWarner,,40909,40,0,VA,100,1954,-0.201,-0.04,
Elizabeth Warren,Sen,SenWarren,,41301,3,0,MA,100,1949,-0.769,-0.278,
Sheldon Whitehouse,Sen,SenWhitehouse,,40704,5,0,RI,100,1955,-0.364,-0.14,
Roger Wicker,Sen,SenatorWicker,,29534,46,0,MS,200,1951,0.376,0.353,
Ron Wyden,Sen,RonWyden,,14871,72,0,OR,100,1949,-0.326,-0.451,
Todd Young,Sen,SenToddYoung,,21133,22,0,IN,200,1972,0.478,-0.005,
